{"initial_reset_timestamp": 1623141943.292982, "timestamps": [1623141944.333728, 1623141944.5375056, 1623141944.7738729, 1623141944.8933995, 1623141945.0090892, 1623141945.1798334, 1623141945.373314, 1623141945.5146248, 1623141945.6177397, 1623141945.712203, 1623141945.912374, 1623141946.3909132, 1623141946.8075514, 1623141947.0904694, 1623141947.5127726, 1623141948.1072145, 1623141948.5651894, 1623141949.248267, 1623141950.4714363, 1623141953.303761, 1623141958.3541894, 1623141963.6503563, 1623141968.098476, 1623141971.0027623, 1623141975.6648266, 1623141978.4101284, 1623141980.72365, 1623141983.6080472, 1623141985.815829, 1623141987.7007172, 1623141989.701017, 1623141991.6494646, 1623141993.9161763, 1623141995.7591865, 1623141997.4344575, 1623141998.9844043, 1623142000.683974, 1623142002.3671787, 1623142004.169556, 1623142005.9580595, 1623142007.3528786, 1623142009.148749, 1623142010.8250673, 1623142012.3366601, 1623142013.972079, 1623142015.8513167, 1623142017.8905017, 1623142020.2360032, 1623142022.4293394, 1623142024.518219, 1623142035.5299616, 1623142037.4634926, 1623142039.8110704, 1623142041.5981178, 1623142043.4170911, 1623142045.3369288, 1623142047.025735, 1623142048.5838487, 1623142050.3193245, 1623142052.0995252, 1623142053.7577822, 1623142055.1422267, 1623142057.0930185, 1623142058.9211035, 1623142061.538171, 1623142063.75296, 1623142065.7412767, 1623142067.4908895, 1623142072.4252563, 1623142074.8541737, 1623142078.901709, 1623142086.365531, 1623142088.6878378, 1623142093.173717, 1623142099.7457807, 1623142101.8307743, 1623142109.0848184, 1623142114.6639042, 1623142117.8794422, 1623142122.5043473, 1623142124.6676273, 1623142128.5874424, 1623142130.1167202, 1623142132.3150346, 1623142137.6887686, 1623142139.094878, 1623142140.7960784, 1623142142.5527596, 1623142144.3899806, 1623142146.0252795, 1623142147.3821466, 1623142148.7364237, 1623142150.0902102, 1623142151.5019386, 1623142152.9386117, 1623142154.4254363, 1623142156.2413347, 1623142157.480643, 1623142159.0763564, 1623142160.6303551, 1623142165.440453, 1623142167.0400362, 1623142168.5530522, 1623142170.3920517, 1623142171.85833, 1623142173.281229, 1623142175.312777, 1623142177.8153186, 1623142179.4382083, 1623142181.112211, 1623142183.0037646, 1623142184.9552267, 1623142187.2560356, 1623142188.7961774, 1623142191.179418, 1623142193.962975, 1623142196.0065098, 1623142197.892412, 1623142199.7584884, 1623142201.6295664, 1623142203.745068, 1623142205.4343376, 1623142207.6802802, 1623142210.2691798, 1623142212.6166658, 1623142214.9533713, 1623142217.1310039, 1623142219.8785524, 1623142220.4269621, 1623142222.0354483, 1623142224.468449, 1623142226.589622, 1623142228.9051316, 1623142230.5346599, 1623142232.0110724, 1623142234.0637417, 1623142239.4867146, 1623142245.422672, 1623142250.2638857, 1623142253.685028, 1623142258.090731, 1623142260.1310158, 1623142262.0044575, 1623142263.8045287, 1623142265.6012392, 1623142267.4658282, 1623142269.1361003, 1623142271.0453694, 1623142272.6888273, 1623142274.2693496, 1623142278.8981798, 1623142280.9379685, 1623142282.7029054, 1623142284.6161678, 1623142289.6524856, 1623142292.7556832, 1623142295.4551575, 1623142300.4704423, 1623142302.2861874, 1623142307.5135899, 1623142311.0704026, 1623142317.267718, 1623142322.1080194, 1623142326.9399946, 1623142331.6718671, 1623142336.4176111, 1623142341.1553185, 1623142345.8675385, 1623142350.583276, 1623142355.9421992, 1623142360.5812051, 1623142366.1062198, 1623142371.3012197, 1623142376.0145724, 1623142381.2930872, 1623142386.0410578, 1623142390.7636974, 1623142395.5022094, 1623142400.2212906, 1623142404.949507, 1623142409.6493654, 1623142414.362611, 1623142419.1009164, 1623142423.8186765, 1623142428.5527208, 1623142433.3449464, 1623142438.4014676, 1623142443.1447587, 1623142447.8648412, 1623142452.5810165, 1623142457.2884405, 1623142462.00475, 1623142466.7548864, 1623142471.4781153, 1623142476.211329, 1623142480.9169035, 1623142485.6466591, 1623142490.4577382, 1623142495.1941438, 1623142499.9087222, 1623142518.7489014, 1623142524.9151137, 1623142531.3987744, 1623142536.749177, 1623142541.858331, 1623142546.7062035, 1623142551.4315662, 1623142556.0795548, 1623142561.9423227, 1623142566.1427903, 1623142570.7266464, 1623142575.4730744, 1623142579.775549, 1623142583.686795, 1623142587.61911, 1623142591.5395174, 1623142595.5761135, 1623142599.5023923, 1623142603.4280822, 1623142607.337614, 1623142611.2694013, 1623142615.1954556, 1623142619.1043866, 1623142623.0376918, 1623142626.923433, 1623142630.832138, 1623142634.757707, 1623142638.6515005, 1623142642.5786495, 1623142646.4910436, 1623142650.401487, 1623142654.341773, 1623142658.2660398, 1623142662.1657374, 1623142666.0912368, 1623142670.0366602, 1623142673.91554, 1623142677.9875941, 1623142681.919071, 1623142685.8452694, 1623142689.7905843, 1623142693.6649387, 1623142697.57614, 1623142701.508798, 1623142705.4352307, 1623142709.3292658, 1623142713.2554893, 1623142717.1495378, 1623142721.0598383, 1623142724.970755, 1623142736.7969394, 1623142740.8013895, 1623142744.7331219, 1623142748.6205943, 1623142752.5150342, 1623142756.4367394, 1623142760.3550956, 1623142764.2890472, 1623142768.2074504, 1623142772.125274, 1623142776.03531, 1623142779.9140477, 1623142783.8236253, 1623142787.7335975, 1623142791.737757, 1623142795.6497192, 1623142799.5803275, 1623142803.5565631, 1623142807.4650295, 1623142811.3701138, 1623142815.2721093, 1623142819.7928326, 1623142823.9020631, 1623142827.8121252, 1623142831.7223446, 1623142835.6264625, 1623142839.6434963, 1623142843.854126, 1623142847.7412643, 1623142851.6890142, 1623142855.5985677, 1623142859.5230308, 1623142863.4575438, 1623142867.3570762, 1623142871.267598, 1623142875.1774251, 1623142879.2886624, 1623142883.1988354, 1623142887.1246488, 1623142891.034676, 1623142894.9445999, 1623142898.8393836, 1623142902.7493632, 1623142906.2738624, 1623142908.6245468, 1623142910.839502, 1623142913.2613883, 1623142915.1129067, 1623142917.1401098, 1623142919.2089205, 1623142925.7544873, 1623142928.7869403, 1623142931.3918214, 1623142933.8977687, 1623142937.8075156, 1623142941.8491626, 1623142945.7911787, 1623142949.6859255, 1623142953.6119347, 1623142954.9828851, 1623142958.8824742, 1623142962.772669, 1623142964.13912, 1623142967.685662, 1623142971.658512, 1623142975.6839333, 1623142979.5946207, 1623142983.5110006, 1623142987.4207797, 1623142991.308622, 1623142995.2185636, 1623142997.408971, 1623143001.3189943, 1623143005.2290683, 1623143009.1399052, 1623143013.0341303, 1623143014.6541555, 1623143018.5485475, 1623143022.4425602, 1623143024.6670778, 1623143027.024003, 1623143030.981799, 1623143032.3853283, 1623143036.295748, 1623143037.7306013, 1623143039.6894112, 1623143041.0930686, 1623143042.5814662, 1623143044.0850573, 1623143045.4729717, 1623143047.2932913, 1623143049.1977751, 1623143050.5010958, 1623143051.9045627, 1623143053.3861117, 1623143054.8435955, 1623143056.5792818, 1623143058.0516434, 1623143058.53739, 1623143059.9251187, 1623143064.781566, 1623143066.3543174, 1623143067.920687, 1623143069.6261368, 1623143070.3500652, 1623143071.8852289, 1623143073.257669, 1623143074.7602699, 1623143076.2265494, 1623143077.7147827, 1623143078.2847178, 1623143079.8574512, 1623143080.405729, 1623143081.0538585, 1623143081.8936925, 1623143085.3338764, 1623143088.2566025, 1623143090.4629052, 1623143091.5028543, 1623143092.752064, 1623143095.898696, 1623143098.1824882, 1623143101.3915675, 1623143105.3023958, 1623143109.2205014, 1623143112.42093, 1623143115.4441643, 1623143118.8217704, 1623143122.7347977, 1623143126.6430874, 1623143130.5382705, 1623143134.4326441, 1623143138.3271894, 1623143142.2210371, 1623143146.1299074, 1623143150.0397472, 1623143153.9808948, 1623143156.4194102, 1623143160.3292181, 1623143164.28119, 1623143168.1870108, 1623143172.0908303, 1623143175.937366, 1623143180.048416, 1623143183.9739897, 1623143187.9318109, 1623143189.743306, 1623143191.8798249, 1623143193.6151721, 1623143196.1755526, 1623143204.7234654, 