{"initial_reset_timestamp": 1623143965.3550224, "timestamps": [1623144037.484251, 1623144037.9543905, 1623144038.393243, 1623144038.7408736, 1623144039.257804, 1623144039.8125207, 1623144040.7582057, 1623144041.278689, 1623144042.2968996, 1623144042.9986763, 1623144044.0547547, 1623144044.5247028, 1623144045.674174, 1623144046.429708, 1623144046.9621687, 1623144049.6684139, 1623144054.9728718, 1623144063.859939, 1623144070.832294, 1623144077.2102342, 1623144083.8825552, 1623144087.7420077, 1623144091.9860327, 1623144095.5916982, 1623144098.9799504, 1623144104.592816, 1623144108.0310178, 1623144112.5032384, 1623144115.6228857, 1623144119.407528, 1623144122.7302518, 1623144125.6790857, 1623144129.1803865, 1623144131.4892423, 1623144134.6413145, 1623144137.342124, 1623144138.0641885, 1623144139.49843, 1623144143.2156026, 1623144143.8760242, 1623144146.6900265, 1623144147.3591077, 1623144148.165772, 1623144148.6402328, 1623144149.4535885, 1623144150.2706654, 1623144150.4673705, 1623144150.6568322, 1623144152.9947455, 1623144153.9268923, 1623144154.5307367, 1623144154.7152429, 1623144155.7125783, 1623144156.3478796, 1623144156.5771863, 1623144156.7362163, 1623144162.466189, 1623144165.6576605, 1623144167.6842606, 1623144171.644264, 1623144174.6149566, 1623144176.4718523, 1623144180.0240185, 1623144184.121711, 1623144186.7116761, 1623144190.7502723, 1623144195.4100084, 1623144198.1776376, 1623144203.0327332, 1623144204.7836525, 1623144206.6741178, 1623144208.150119, 1623144213.3894143, 1623144220.466078, 1623144225.4739313, 1623144230.3401313, 1623144235.3022678, 1623144237.4124959, 1623144239.6837258, 1623144242.072674, 1623144244.9041507, 1623144249.9542542, 1623144253.035946, 1623144257.8650427, 1623144262.5737438, 1623144268.3393033, 1623144271.5437374, 1623144275.1600635, 1623144277.2634387, 1623144278.8583548, 1623144281.7523131, 1623144284.356174, 1623144286.6355915, 1623144288.7185743, 1623144291.055902, 1623144294.911274, 1623144299.2804568, 1623144301.5912032, 1623144303.537903, 1623144321.4677916, 1623144324.6965394, 1623144326.4189122, 1623144329.6972005, 1623144331.7964745, 1623144333.3545158, 1623144334.896183, 1623144339.9176297, 1623144341.5499449, 1623144346.0156782, 1623144347.5585635, 1623144350.2982507, 1623144355.39526, 1623144357.4315202, 1623144359.1450067, 1623144361.1047726, 1623144362.5607297, 1623144368.79685, 1623144370.704595, 1623144372.162977, 1623144374.8865414, 1623144376.3023918, 1623144378.03358, 1623144379.2952037, 1623144380.221162, 1623144381.2207754, 1623144382.5138266, 1623144384.1080668, 1623144386.828007, 1623144387.9132974, 1623144390.5900671, 1623144392.5422528, 1623144393.8448808, 1623144395.0882993, 1623144396.5922003, 1623144398.0973825, 1623144399.1095674, 1623144400.0612586, 1623144401.091005, 1623144402.050799, 1623144403.2405558, 1623144404.2781503, 1623144405.3307388, 1623144406.2985077, 1623144407.37221, 1623144408.362073, 1623144409.932919, 1623144410.9447927, 1623144412.2930691, 1623144413.2929757, 1623144416.2533336, 1623144417.3496537, 1623144418.3257685, 1623144419.3273315, 1623144420.4237013, 1623144421.7383018, 1623144422.9736972, 1623144424.2122195, 1623144425.4144773, 1623144426.5510936, 1623144427.8950326, 1623144429.205258, 1623144430.4439492, 1623144431.5416946, 1623144432.509002, 1623144433.399815, 1623144434.2515097, 1623144435.307074, 1623144436.1977906, 1623144437.0688844, 1623144438.0860345, 1623144439.078182, 1623144439.9880278, 1623144440.8932586, 1623144441.9267492, 1623144442.918271, 1623144443.993042, 1623144445.0369613, 1623144446.3143835, 1623144447.5129702, 1623144448.8305333, 1623144450.0244172, 1623144451.1908474, 1623144452.5274124, 1623144455.312613, 1623144459.1695342, 1623144460.2637591, 1623144464.1510036, 1623144468.024107, 1623144471.9167037, 1623144475.8032978, 1623144479.6778023, 1623144483.5659811, 1623144487.4597774, 1623144491.3243015, 1623144493.4571848, 1623144493.5863037, 1623144493.722066, 1623144495.2581348, 1623144496.4344916, 1623144496.7241378, 1623144497.6732898, 1623144501.5947795, 1623144505.4840906, 1623144509.3814433, 1623144513.2584174, 1623144517.1689334, 1623144521.06057, 1623144524.9672384, 1623144526.6863782, 1623144530.5916243, 1623144534.4692893, 1623144538.3462303, 1623144542.2312737, 1623144546.1348798, 1623144550.0032012, 1623144553.8642204, 1623144556.7645526, 1623144559.8094456, 1623144562.4151106, 1623144564.689809, 1623144566.800816, 1623144569.0661073, 1623144570.715223, 1623144572.188028, 1623144573.711525, 1623144575.2824087, 1623144577.1169212, 1623144578.4759443, 1623144580.2492573, 1623144582.0236757, 1623144584.002829, 1623144586.3078957, 1623144589.2517557, 1623144591.3079407, 1623144593.9021544, 1623144596.433821, 1623144598.5688066, 1623144601.054676, 1623144604.944831, 1623144608.824933, 1623144610.8483655, 1623144613.441768, 1623144615.6211236, 1623144619.511019, 1623144622.000562, 1623144623.9642699, 1623144627.8392138, 1623144632.4096167, 1623144636.3027456, 1623144645.5550225, 1623144647.6484969, 1623144649.3633366, 1623144651.482259, 1623144653.201631, 1623144655.232235, 1623144657.5097833, 1623144661.4120178, 1623144665.2915952, 1623144669.1435828, 1623144673.019274, 1623144676.9196503, 1623144678.3776605, 1623144682.2663724, 1623144684.9619882, 1623144687.393636, 1623144688.7713032, 1623144692.622631, 1623144696.506378, 1623144700.3836784, 1623144704.2426755, 1623144707.3928263, 1623144711.3027396, 1623144715.166743, 1623144719.0178864, 1623144720.390358, 1623144721.5869777, 1623144722.9286113, 1623144724.0782, 1623144725.2818167, 1623144726.4381218, 1623144728.4111629, 1623144729.629909, 1623144730.7123039, 1623144732.384188, 1623144735.2602742, 1623144739.0997837, 1623144743.0479062, 1623144746.8891106, 1623144750.7468174, 1623144754.608505, 1623144758.4662943, 1623144762.3086896, 1623144766.1378572, 1623144769.9784157, 1623144773.841114, 1623144777.6978514, 1623144781.545616, 1623144785.4025347, 1623144788.7438006, 1623144799.1895995, 1623144803.0767317, 1623144806.924048, 1623144810.749651, 1623144814.6281936, 1623144818.4852502, 1623144822.3483417, 1623144826.18919, 1623144830.030431, 1623144833.9247015, 1623144837.7677875, 1623144841.6151931, 1623144845.4730089, 1623144849.3206515, 1623144849.8375332, 1623144853.6789806, 1623144857.5518084, 1623144861.399742, 1623144865.2255337, 1623144869.0731864, 1623144872.8976176, 1623144876.7855413, 1623144880.602069, 1623144884.4513392, 1623144888.2841525, 1623144892.6059563, 1623144896.4904187, 1623144900.3315928, 1623144904.1783757, 1623144908.0204225, 1623144911.8773608, 1623144915.7242048, 1623144919.5657809, 1623144923.4445164, 1623144927.285295, 1623144931.148506, 1623144935.0056088, 1623144938.8469942, 1623144942.6669407, 1623144946.5054085, 1623144950.3627274, 1623144954.2413414, 1623144956.7631164, 1623144960.6260557, 1623144964.4507189, 1623144968.292313, 1623144972.1337905, 1623144975.9511645, 1623144980.0240939, 1623144983.8864763, 1623144994.3375318, 1623144997.598954, 1623145001.4706542, 1623145003.2123911, 1623145005.1173735, 1623145006.2360015, 1623145008.2721088, 1623145008.4036252, 1623145009.5753405, 1623145010.932142, 1623145011.0480459, 1623145012.19802, 1623145013.5540516, 1623145014.9888449, 1623145018.0507023, 1623145019.7173898, 1623145021.252777, 1623145022.9164736, 1623145023.8596382, 1623145024.7684848, 1623145026.5042953, 1623145027.6380575, 1623145028.7110445, 1623145029.742948, 1623145031.0464675, 1623145031.9644656, 1623145034.0917835, 1623145037.9383082, 1623145039.7371724, 1623145041.2876225, 1623145042.3904984, 1623145044.2493758, 1623145046.1538343, 1623145047.8533113, 1623145048.6229637, 1623145052.470766, 1623145054.1064274, 1623145057.9993463, 1623145059.837457, 1623145063.6636837, 1623145067.510955, 1623145069.1466837, 1623145070.7054894, 1623145072.609344, 1623145073.9283793, 1623145075.9335737, 1623145079.791156, 1623145083.4865513, 1623145087.312484, 1623145091.1762974, 1623145101.4292145, 1623145105.339132, 1623145108.1151633, 