{"initial_reset_timestamp": 1639898822.2625802, "timestamps": [1639898826.469142, 1639898830.2399166, 1639898833.3935094], "episode_lengths": [197, 199, 174], "episode_rewards": [197.0, 199.0, 174.0], "episode_types": ["t", "t", "t"]}