{"initial_reset_timestamp": 1641818562.8674743, "timestamps": [1641818567.0536454, 1641818570.5647933, 1641818574.3362834], "episode_lengths": [196, 193, 204], "episode_rewards": [196.0, 193.0, 204.0], "episode_types": ["t", "t", "t"]}